{"Fid":"de8_QBajQgGf9e5I2C_FUc","Status":3,"AuthToken":"eyJhbGciOiJFUzI1NiIsInR5cCI6IkpXVCJ9.eyJhcHBJZCI6IjE6MzY4NjUyMjY0MTA3OmFuZHJvaWQ6OTMwYWJhOWIyNzQxZmM5NTI5OGRlZSIsImV4cCI6MTc1ODUxMjcxMSwiZmlkIjoiZGU4X1FCYWpRZ0dmOWU1STJDX0ZVYyIsInByb2plY3ROdW1iZXIiOjM2ODY1MjI2NDEwN30.AB2LPV8wRAIgIMRhLx-CUNLq_IYlk0qPLt-dUq6PGrsqzT5_J-1nVkACIAmV42O2b2suPSDj1OSXNv-PHJVFw9Te-oUSG_73V0Wl","RefreshToken":"3_AS3qfwJrPRhikfBvznOLqwgfNxvvk3DuWH-UgZVkBybqu6fsQFmPF9OrhjE4HHrCpwXUHASlJo29Nah2o4puAi_eM1B0oMXWK-pgufKosgmsvIQ","TokenCreationEpochInSecs":1757907911,"ExpiresInSecs":604800}