{"Fid":"dSMzvYn_TxKqGHW5dQa6jb","Status":3,"AuthToken":"eyJhbGciOiJFUzI1NiIsInR5cCI6IkpXVCJ9.eyJhcHBJZCI6IjE6MzY4NjUyMjY0MTA3OmFuZHJvaWQ6OTMwYWJhOWIyNzQxZmM5NTI5OGRlZSIsImV4cCI6MTc1Nzg4NDk2OSwiZmlkIjoiZFNNenZZbl9UeEtxR0hXNWRRYTZqYiIsInByb2plY3ROdW1iZXIiOjM2ODY1MjI2NDEwN30.AB2LPV8wRgIhAIfZyvcve8vXad2l4zGS8Gt58vG5rljPlf_wrhN5kuPNAiEArKUY3ZCdlEN-PnZ7G30qmB4dtJfSrvFPfd-1Y-hvp2w","RefreshToken":"3_AS3qfwKyzdEnNAu9MeabKQR0UPZirwkG8Mg4DlpUa7Gcwu0Vo4M1qILhSqeiHglm0RCwles2LdEyjAPZBZbmLHpW0ngb7iv4g3_CdYmlyHP7lzg","TokenCreationEpochInSecs":1757280169,"ExpiresInSecs":604800}