<?xml version='1.0' encoding='utf-8' standalone='yes' ?>
<map>
    <string name="v2LastAppVersion">2.9.7</string>
    <string name="OsVersion">Android 11</string>
    <boolean name="SuccessfulClose" value="true" />
    <long name="v2AppPauseTimestampMillis" value="1757908529984" />
    <long name="InstallDate" value="1757907913" />
    <string name="LastVersion">2.9.7</string>
    <string name="LifecycleData">{&quot;runmode&quot;:&quot;Application&quot;,&quot;prevsessionlength&quot;:&quot;9&quot;,&quot;carriername&quot;:&quot;Vi India&quot;,&quot;serverCallType&quot;:&quot;click&quot;,&quot;locale&quot;:&quot;en-IN&quot;,&quot;resolution&quot;:&quot;1080x2168&quot;,&quot;dayssincefirstuse&quot;:&quot;0&quot;,&quot;platform&quot;:&quot;mobile-android&quot;,&quot;subBrand&quot;:&quot;&quot;,&quot;adobeecid&quot;:&quot;56791705224252431727384491465436215149&quot;,&quot;launchevent&quot;:&quot;LaunchEvent&quot;,&quot;previousappid&quot;:&quot;discovery+ 2.9.7 (223)&quot;,&quot;brand&quot;:&quot;discoveryplus&quot;,&quot;usertype&quot;:&quot;avod&quot;,&quot;distributionBrand&quot;:&quot;dpi&quot;,&quot;loginStatus&quot;:&quot;0&quot;,&quot;environment&quot;:&quot;prod&quot;,&quot;appid&quot;:&quot;discovery+ 2.9.7 (223)&quot;,&quot;dayssincelastuse&quot;:&quot;0&quot;,&quot;dayofweek&quot;:&quot;2&quot;,&quot;devicename&quot;:&quot;Redmi Note 9 Pro Max&quot;,&quot;hourofday&quot;:&quot;9&quot;,&quot;osversion&quot;:&quot;Android 11&quot;,&quot;family&quot;:&quot;discoveryplus&quot;,&quot;analyticsCodeVersion&quot;:&quot;JAVA-1.2.4-1.11.1-AN&quot;,&quot;launches&quot;:&quot;2&quot;,&quot;previousosversion&quot;:&quot;Android 11&quot;}</string>
    <string name="AppId">discovery+ 2.9.7 (223)</string>
    <long name="SessionStart" value="1757908420" />
    <long name="v2AppStartTimestampMillis" value="1757908506707" />
    <int name="Launches" value="2" />
    <long name="v2AppCloseTimestampMillis" value="1757908533965" />
    <long name="LastDateUsed" value="1757908360" />
    <long name="PauseDate" value="1757908533" />
</map>
