<?xml version='1.0' encoding='utf-8' standalone='yes' ?>
<map>
    <string name="v2LastAppVersion">2.9.7</string>
    <string name="OsVersion">Android 11</string>
    <boolean name="SuccessfulClose" value="true" />
    <long name="v2AppPauseTimestampMillis" value="1757280228404" />
    <long name="InstallDate" value="1757280172" />
    <string name="LastVersion">2.9.7</string>
    <string name="LifecycleData">{&quot;runmode&quot;:&quot;Application&quot;,&quot;installdate&quot;:&quot;9\/8\/2025&quot;,&quot;carriername&quot;:&quot;Vi India&quot;,&quot;serverCallType&quot;:&quot;click&quot;,&quot;locale&quot;:&quot;en&quot;,&quot;resolution&quot;:&quot;1080x2168&quot;,&quot;platform&quot;:&quot;mobile-android&quot;,&quot;subBrand&quot;:&quot;&quot;,&quot;adobeecid&quot;:&quot;01769143077241685096570209137576224385&quot;,&quot;launchevent&quot;:&quot;LaunchEvent&quot;,&quot;brand&quot;:&quot;discoveryplus&quot;,&quot;monthlyenguserevent&quot;:&quot;MonthlyEngUserEvent&quot;,&quot;usertype&quot;:&quot;svod&quot;,&quot;distributionBrand&quot;:&quot;dpi&quot;,&quot;loginStatus&quot;:&quot;1&quot;,&quot;environment&quot;:&quot;prod&quot;,&quot;appid&quot;:&quot;discovery+ 2.9.7 (223)&quot;,&quot;installevent&quot;:&quot;InstallEvent&quot;,&quot;dayofweek&quot;:&quot;2&quot;,&quot;devicename&quot;:&quot;Redmi Note 9 Pro Max&quot;,&quot;hourofday&quot;:&quot;2&quot;,&quot;osversion&quot;:&quot;Android 11&quot;,&quot;family&quot;:&quot;discoveryplus&quot;,&quot;analyticsCodeVersion&quot;:&quot;JAVA-1.2.4-1.11.1-AN&quot;,&quot;dailyenguserevent&quot;:&quot;DailyEngUserEvent&quot;,&quot;launches&quot;:&quot;1&quot;}</string>
    <string name="AppId">discovery+ 2.9.7 (223)</string>
    <long name="SessionStart" value="1757280179" />
    <long name="v2AppStartTimestampMillis" value="1757280183976" />
    <int name="Launches" value="1" />
    <long name="v2AppCloseTimestampMillis" value="1757280228404" />
    <long name="LastDateUsed" value="1757280172" />
    <long name="PauseDate" value="1757280228" />
</map>
