<?xml version='1.0' encoding='utf-8' standalone='yes' ?>
<map>
    <long name="first_open_time" value="1757280167843" />
    <string name="gmp_app_id">1:368652264107:android:930aba9b2741fc95298dee</string>
    <string name="app_instance_id">1894f7271a59d4909ed0b2efdb8e791c</string>
    <long name="session_id" value="1757280168" />
    <boolean name="app_backgrounded" value="false" />
    <long name="health_monitor:start" value="1757280168293" />
    <boolean name="use_service" value="true" />
    <boolean name="deferred_analytics_collection" value="false" />
    <string name="previous_os_version">11</string>
    <boolean name="has_been_opened" value="true" />
    <boolean name="allow_remote_dynamite" value="true" />
    <long name="last_pause_time" value="1757280228406" />
    <boolean name="start_new_session" value="false" />
</map>
