<?xml version='1.0' encoding='utf-8' standalone='yes' ?>
<map>
    <long name="last_upload" value="1757908504132" />
    <long name="first_open_time" value="1757908503953" />
    <string name="gmp_app_id">1:368652264107:android:930aba9b2741fc95298dee</string>
    <string name="app_instance_id">1894f7271a59d4909ed0b2efdb8e791c</string>
    <boolean name="app_backgrounded" value="true" />
    <long name="health_monitor:start" value="1757908504141" />
    <boolean name="use_service" value="true" />
    <boolean name="deferred_analytics_collection" value="false" />
    <string name="previous_os_version">11</string>
    <boolean name="has_been_opened" value="true" />
    <string name="health_monitor:value">2EC39000:Failed to open local database. Events will bypass local storage: android.database.sqlite.SQLiteDiskIOException: com.google.android.gms.measurement.internal.f.getWritableDatabase(com.google.android.gms:play-services-measurement-impl@@18.0.2:12)</string>
    <boolean name="allow_remote_dynamite" value="true" />
    <long name="last_pause_time" value="1757908533968" />
    <boolean name="start_new_session" value="false" />
    <long name="health_monitor:count" value="3" />
</map>
