<?xml version='1.0' encoding='utf-8' standalone='yes' ?>
<map>
    <boolean name="pref_key_is_volume_mute" value="false" />
    <boolean name="isHomePage" value="true" />
    <boolean name="is_valid_ subscription" value="false" />
    <boolean name="load_go_premium_primary_as_page" value="false" />
    <boolean name="pref_key_is_premium_user" value="true" />
    <int name="pref_key_player_fullscreen_mode" value="1" />
    <boolean name="pref_key_is_app_update_reminder" value="false" />
    <boolean name="pref_key_is_home_load_once" value="true" />
    <boolean name="is_auto_lock_set" value="false" />
    <boolean name="ia_parental_lock_handling_needed" value="false" />
    <string name="deep_link_page_route"></string>
    <boolean name="partners_api_called" value="true" />
    <boolean name="is_home_refresh_required" value="false" />
    <string name="parentalLockBranding">All Access</string>
    <boolean name="pref_key_is_onboarding-shown" value="true" />
    <boolean name="load_go_premium_secondary_as_page" value="false" />
    <boolean name="pref_key_is_personalize_selected" value="true" />
</map>
