<?xml version='1.0' encoding='utf-8' standalone='yes' ?>
<map>
    <boolean name="notifications_enabled_upd" value="false" />
    <int name="kvinit_staleness" value="86400" />
    <int name="os_version_ts" value="1757908504" />
    <boolean name="installed_date_upd" value="false" />
    <boolean name="huawei_referrer_upd" value="false" />
    <boolean name="session_tracking" value="true" />
    <boolean name="ssid_upd" value="false" />
    <boolean name="device_limit_tracking" value="false" />
    <string name="huawei_referrer">JSO::{&quot;status&quot;:&quot;missing_dependency&quot;,&quot;attempt_count&quot;:1,&quot;duration&quot;:0.001}</string>
    <int name="init_url_map_index" value="0" />
    <int name="screen_inches_ts" value="1757907911" />
    <int name="installed_date" value="1757280022" />
    <boolean name="is_genuine_upd" value="false" />
    <boolean name="product_name_upd" value="false" />
    <boolean name="installer_package_upd" value="false" />
    <int name="installed_date_ts" value="1757907911" />
    <boolean name="network_metered_upd" value="false" />
    <string name="last_install">JSO::{&quot;kochava_device_id&quot;:&quot;KA31101757907910tb160aaaa424b46c99f59debca02c4dce&quot;,&quot;kochava_app_id&quot;:&quot;kodiscovery-plus-android-prod-51bkknq&quot;,&quot;sdk_version&quot;:&quot;AndroidTracker 3.11.0&quot;,&quot;app_version&quot;:&quot;223&quot;,&quot;os_version&quot;:&quot;Android 11&quot;,&quot;time&quot;:1757907911,&quot;count&quot;:1}</string>
    <string name="whitelist">JSA::[&quot;custom&quot;,&quot;custom_id&quot;]</string>
    <boolean name="is_genuine" value="true" />
    <int name="language_ts" value="1757908452" />
    <boolean name="push" value="false" />
    <int name="screen_dpi" value="440" />
    <int name="kvinit_wait" value="60" />
    <int name="instant_app_ts" value="1757908504" />
    <int name="init_last_sent" value="1757908451" />
    <int name="notifications_enabled_ts" value="1757908534" />
    <int name="adid_ts" value="1757907910" />
    <boolean name="iab_usp_upd" value="false" />
    <boolean name="manufacturer_upd" value="false" />
    <string name="device">STR::Redmi Note 9 Pro Max-Redmi</string>
    <int name="disp_h_ts" value="1757908523" />
    <int name="screen_dpi_ts" value="1757908523" />
    <boolean name="screen_inches_upd" value="false" />
    <int name="manufacturer_ts" value="1757908504" />
    <int name="app_short_string_ts" value="1757908504" />
    <boolean name="screen_brightness_upd" value="false" />
    <boolean name="notifications_enabled" value="true" />
    <boolean name="app_name_upd" value="false" />
    <string name="manufacturer">STR::Xiaomi</string>
    <boolean name="carrier_name_upd" value="false" />
    <boolean name="disp_h_upd" value="false" />
    <long name="screen_inches" value="4618554007859127910" />
    <string name="adid">STR::0cf00726-f91a-4e6c-84aa-6287cea09944</string>
    <boolean name="architecture_upd" value="false" />
    <boolean name="device_upd" value="false" />
    <int name="huawei_referrer_ts" value="1757907911" />
    <boolean name="bms_upd" value="false" />
    <boolean name="initial_needs_sent" value="false" />
    <int name="attribution_time" value="1757907915" />
    <string name="sdk_version">STR::AndroidTracker 3.11.0</string>
    <boolean name="device_cores_upd" value="false" />
    <int name="session_window" value="600" />
    <int name="init_url_map_selected_date_int" value="20240101" />
    <string name="dp_options">JSO::{&quot;install_referrer&quot;:{},&quot;huawei_referrer&quot;:{}}</string>
    <string name="architecture">STR::aarch64</string>
    <int name="initial_sent_time" value="1757907911" />
    <boolean name="instant_app" value="false" />
    <int name="screen_brightness_ts" value="1757908523" />
    <string name="network_conn_type">STR::cellular</string>
    <int name="battery_level" value="86" />
    <int name="install_referrer_ts" value="1757907911" />
    <boolean name="instant_apps_install_deeplink_clicks_kill" value="true" />
    <boolean name="bssid_upd" value="false" />
    <string name="os_version">STR::Android 11</string>
    <string name="blacklist">JSA::[]</string>
    <boolean name="app_limit_trackingupd" value="false" />
    <boolean name="os_version_upd" value="false" />
    <int name="device_limit_tracking_ts" value="1757907910" />
    <long name="screen_brightness" value="4607182418800017408" />
    <int name="launch_count" value="5" />
    <string name="kochava_app_id">STR::kodiscovery-plus-android-prod-51bkknq</string>
    <boolean name="internal_logging_enabled" value="true" />
    <string name="app_name">STR::discovery+</string>
    <int name="product_name_ts" value="1757908504" />
    <string name="install_referrer">JSO::{&quot;status&quot;:&quot;ok&quot;,&quot;attempt_count&quot;:1,&quot;duration&quot;:0.071,&quot;referrer&quot;:&quot;utm_source=google-play&amp;utm_medium=organic&quot;,&quot;install_begin_time&quot;:0,&quot;referrer_click_time&quot;:0,&quot;google_play_instant&quot;:false}</string>
    <int name="networking_tracking_wait" value="10" />
    <boolean name="app_short_string_upd" value="false" />
    <int name="app_name_ts" value="1757908504" />
    <long name="getattribution_wait" value="4613937818241073152" />
    <boolean name="init_url_map_rotated" value="false" />
    <boolean name="install_referrer_upd" value="false" />
    <boolean name="deeplinks_allow_deferred" value="true" />
    <boolean name="sdk_disabled" value="false" />
    <boolean name="package_upd" value="false" />
    <int name="is_genuine_ts" value="1757907910" />
    <int name="session_window_uptime" value="135" />
    <string name="app_version">STR::223</string>
    <long name="bms-long" value="1757795326472" />
    <boolean name="session_pause_sent_this_window" value="true" />
    <int name="device_ts" value="1757908504" />
    <string name="language">STR::en-</string>
    <int name="install_count" value="1" />
    <boolean name="instant_app_upd" value="false" />
    <boolean name="language_upd" value="false" />
    <boolean name="battery_level_upd" value="true" />
    <string name="eventname_blacklist">JSA::[]</string>
    <long name="instant_apps_install_deeplink_wait" value="4621819117588971520" />
    <int name="timezone_ts" value="1757908523" />
    <boolean name="device_orientation_upd" value="false" />
    <int name="network_conn_type_ts" value="1757908523" />
    <string name="package">STR::com.discoveryplus.mobile.android</string>
    <int name="ui_mode_ts" value="1757908523" />
    <int name="session_state_active_count" value="5" />
    <boolean name="app_version_upd" value="false" />
    <int name="first_launch_time" value="1757907910" />
    <int name="package_ts" value="1757908451" />
    <int name="disp_h" value="2400" />
    <string name="product_name">STR::excalibur_in</string>
    <int name="session_minimum" value="45" />
    <string name="battery_status">STR::discharging</string>
    <long name="volume" value="4606581638609726184" />
    <boolean name="fire_adid_upd" value="false" />
    <boolean name="nvp_upd" value="false" />
    <int name="device_cores" value="8" />
    <int name="locale_ts" value="1757908523" />
    <string name="device_orientation">STR::portrait</string>
    <int name="device_orientation_ts" value="1757908523" />
    <int name="disp_w" value="1080" />
    <boolean name="device_limit_tracking_upd" value="false" />
    <int name="architecture_ts" value="1757908504" />
    <string name="ui_mode">STR::Normal</string>
    <int name="battery_status_ts" value="1757908523" />
    <boolean name="locale_upd" value="true" />
    <string name="timezone">STR::Asia/Kolkata</string>
    <boolean name="timezone_upd" value="false" />
    <boolean name="ui_mode_upd" value="false" />
    <boolean name="last_launch_instant_app" value="false" />
    <string name="locale">STR::en-</string>
    <int name="device_cores_ts" value="1757907911" />
    <int name="update_sent_time" value="1757908452" />
    <int name="disp_w_ts" value="1757908523" />
    <boolean name="network_conn_type_upd" value="false" />
    <string name="app_short_string">STR::2.9.7</string>
    <long name="deeplinks_timeout_minimum-long" value="250" />
    <boolean name="has_upgraded" value="true" />
    <boolean name="fb_attribution_id_upd" value="false" />
    <int name="app_version_ts" value="1757908504" />
    <int name="battery_level_ts" value="1757908523" />
    <int name="volume_ts" value="1757908534" />
    <long name="networking_seconds_per_request" value="0" />
    <boolean name="screen_dpi_upd" value="false" />
    <int name="bms_ts" value="1757908504" />
    <boolean name="session_pause_ever_sent" value="true" />
    <boolean name="initial_ever_sent" value="true" />
    <long name="deeplinks_timeout_maximum-long" value="30000" />
    <string name="kochava_device_id">STR::KA31101757907910tb160aaaa424b46c99f59debca02c4dce</string>
    <int name="session_resume_time" value="1757907911" />
    <boolean name="oaid_upd" value="false" />
    <boolean name="adid_upd" value="false" />
    <boolean name="signal_bars_upd" value="false" />
    <boolean name="battery_status_upd" value="false" />
    <string name="attribution">STR::{&quot;attribution&quot;:&quot;false&quot;}</string>
    <boolean name="send_updates" value="true" />
    <boolean name="disp_w_upd" value="false" />
    <boolean name="volume_upd" value="false" />
    <string name="networking_urls">JSO::{}</string>
</map>
