<?xml version='1.0' encoding='utf-8' standalone='yes' ?>
<map>
    <long name="DEFAULT_CLOSED_CAPTIONS_BG_COLOR" value="2131099974" />
    <float name="DEFAULT_PLAYBACK_SPEED" value="1.0" />
    <string name="appLanguageKey">en</string>
    <string name="siteIdKey">SHARED</string>
    <string name="key_pref_sonic_provider_sonic_realm">dplusindia</string>
    <string name="USER_TOKEN">W8Jr4sTDwZ/soaHIf2mvTsC+j4Y14XAY1KE3hS2R7sg7EBh8VlMvr/UsUxiLX2DbWwRE8mVZ3XMn&#10;0CREZ2t/d7Og51g1ifswjAWLk3Q9awPkveEYOB9/WljRrBw4+n+XH42/ZLOPqIBmUWakRkeXowW4&#10;crymHyqfAEXi9VSrZJxkTCB6JnuEWa6ihxTGpKVAab8Bansqw29YgM0e1KjdpNcK1i5N73Kl45yd&#10;HYdCwO/pAP5cmNt7J3fFRPVm/jLVHUGU+Z02umI1AIYtxVFiWwRvgcT38jTqgdLu9xGgnhhi826k&#10;DkZM1paUZ6eDivZXo1uwNlCXFuW98PTRS9WihJLOu6W+7UFRONUe16OEJhEPRA4Qluksv2wzXl8r&#10;5zIc&#10;    </string>
    <long name="DEFAULT_CLOSED_CAPTIONS_TEXT_COLOR" value="2131099975" />
    <string name="key_pref_sonic_provider_params">{&quot;a&quot;:&quot;dplus-india&quot;,&quot;b&quot;:&quot;client-config-android-v-2-8-1&quot;,&quot;c&quot;:&quot;dplusindia&quot;,&quot;d&quot;:&quot;dplus-india&quot;,&quot;e&quot;:&quot;com.discoveryplus.mobile.android&quot;,&quot;f&quot;:&quot;2.9.7&quot;,&quot;g&quot;:&quot;940ba15a50f06471&quot;,&quot;h&quot;:&quot;client-config-android-v-2-8-1&quot;,&quot;i&quot;:&quot;Dalvik/2.1.0 (Linux; U; Android 11; Redmi Note 9 Pro Max Build/RKQ1.200826.002)&quot;,&quot;j&quot;:&quot;ANDROID&quot;}</string>
    <string name="key_pref_sonic_provider_base_url">https://ap2-prod-direct.discoveryplus.in</string>
    <float name="DEFAULT_CLOSED_CAPTIONS_SIZE" value="14.0" />
</map>
